{
    "epoch": 0.0002339728591483388,
    "samples_per_second_effective": 17.95507869525308,
    "test_loss": 3.2959656715393066,
    "test_runtime": 439.9394,
    "test_samples_per_second": 4.578,
    "test_steps_per_second": 2.289,
    "total_flos": 684757352448.0,
    "train_loss": 3.6741185188293457,
    "train_runtime": 476.077,
    "train_samples": 8548,
    "train_samples_per_second": 0.004,
    "train_steps_per_second": 0.002
}