{
    "epoch": 0.0002339728591483388,
    "samples_per_second_effective": 74.7576585495545,
    "test_bertscore_f1": 0.8421,
    "test_bertscore_precision": 0.8302,
    "test_bertscore_recall": 0.8549,
    "test_bleu": 0.1649,
    "test_loss": 2.8934013843536377,
    "test_rouge1": 0.4817,
    "test_rouge2": 0.2927,
    "test_rougeL": 0.4684,
    "test_rougeLsum": 0.4689,
    "test_runtime": 112.6994,
    "test_samples_per_second": 1.136,
    "test_steps_per_second": 0.568,
    "total_flos": 684757352448.0,
    "train_loss": 3.6741185188293457,
    "train_runtime": 114.3428,
    "train_samples": 8548,
    "train_samples_per_second": 0.017,
    "train_steps_per_second": 0.009
}