{
    "epoch": 0.0002339728591483388,
    "samples_per_second_effective": 74.7576585495545,
    "total_flos": 684757352448.0,
    "train_loss": 3.6741185188293457,
    "train_runtime": 114.3428,
    "train_samples": 8548,
    "train_samples_per_second": 0.017,
    "train_steps_per_second": 0.009
}