{
    "epoch": 0.0002339728591483388,
    "samples_per_second_effective": 184.22453496667018,
    "test_bertscore_f1": 0.8199,
    "test_bertscore_precision": 0.8088,
    "test_bertscore_recall": 0.8321,
    "test_bleu": 0.1217,
    "test_loss": 2.556702136993408,
    "test_rouge1": 0.4109,
    "test_rouge2": 0.2248,
    "test_rougeL": 0.3943,
    "test_rougeLsum": 0.3944,
    "test_runtime": 1682.9696,
    "test_samples_per_second": 1.197,
    "test_steps_per_second": 0.598,
    "total_flos": 684757352448.0,
    "train_loss": 2.2425215244293213,
    "train_runtime": 46.3999,
    "train_samples": 8548,
    "train_samples_per_second": 0.043,
    "train_steps_per_second": 0.022
}