{
    "epoch": 0.0002339728591483388,
    "samples_per_second_effective": 184.22453496667018,
    "total_flos": 684757352448.0,
    "train_loss": 2.2425215244293213,
    "train_runtime": 46.3999,
    "train_samples": 8548,
    "train_samples_per_second": 0.043,
    "train_steps_per_second": 0.022
}